store,category,product_id,product_name,canonical_product_name,price,old_price,currency,unit_price,price_per_kg,price_per_piece,loyalty_required,loyalty_program,loyalty_price,discount_label,date_range,url,image_url,scraped_at
Lidl,Ovoce a zelenina,10057009,Dýně máslová,dyne_hokkaido,24.9,34.9,Kč,24.9 Kč / 1 kg,24.9,,False,,,-28%,2026-10-08 - 2026-10-11,https://www.lidl.cz/p/dyne-maslova/p10057009,https://imgproxy-retcat.assets.schwarz/FDfq1UDHVxJHZvmvDhs0knoEtooJ9nS3YORUxn3afC8/sm:0/exar:1:ce/w:427/h:320/cz/M6Ly9wcm9kLWNhd/GFsb2ctbWVkaWEvaW50LzI2N0Q2RjdGQTBCOTYzODREQ0U2NjU0N0/JEOTJFRkUwMjhEMjExMzlCMEZERTQzRDBCNjUwQ0IzQUQyQTUzNzMucG5n.png,2026-10-07T05:31:40+02:00
Lidl,Ovoce a zelenina,10057011,Dýně špagetová,dyne_hokkaido,29.9,39.9,Kč,29.9 Kč / 1 kg,29.9,,False,,,-25%,2026-10-08 - 2026-10-11,https://www.lidl.cz/p/dyne-spagetova/p10057011,https://imgproxy-retcat.assets.schwarz/saHPmkl-Bv3MK9rqZlBMQd7YXo9d9-8Hr4ThwcbVS_o/sm:0/exar:1:ce/w:427/h:320/cz/M6Ly9wcm9kLWNhd/GFsb2ctbWVkaWEvaW50L0JERTdBMTk4MDc1RDVDRTBGNEU4MTc2OT/lCNDc2Mzg3QUMxRkZENjlERTdBOUE2MUFERTE5NTZDNkNCNTFBRDgucG5n.png,2026-10-07T05:31:40+02:00
Lidl,Ovoce a zelenina,10056842,Dýně Hokkaido,dyne_hokkaido,29.9,39.9,Kč,29.9 Kč / 1 kg,29.9,,False,,,-25%,2026-10-08 - 2026-10-11,https://www.lidl.cz/p/dyne-hokkaido/p10056842,https://imgproxy-retcat.assets.schwarz/_hiE0qi47W-nTavDamsjxSO-J-K1j7AXRW1nli2xLXo/sm:0/exar:1:ce/w:427/h:320/cz/M6Ly9wcm9kLWNhd/GFsb2ctbWVkaWEvY3ovMS9BRTFBNDg5MjQ4RjkzMENCNTA4OTBBMTl/FMTdEMzUzODJFNzZDNTVENUI2QkI4NEYxRjdGMUZBMDRFQTNDMTMwLnBuZw.png,2026-10-07T05:31:40+02:00
Lidl,Ovoce a zelenina,10057013,Dýně Sweet Dumpling,dyne_hokkaido,29.9,39.9,Kč,29.9 Kč / 1 kg,29.9,,False,,,-25%,2026-10-08 - 2026-10-11,https://www.lidl.cz/p/dyne-sweet-dumpling/p10057013,https://imgproxy-retcat.assets.schwarz/osDT-PbeWTZqWGdd6beIRWCodIe_cn3B6Gt7xFy5_KM/sm:0/exar:1:ce/w:427/h:320/cz/M6Ly9wcm9kLWNhd/GFsb2ctbWVkaWEvY3ovMS85NkMwQ0E5QjExRUVFMUI5QjM2QTI2MjQ/3NEFGRTgxMUU4NzRCQkJGNTU0NTk1NjEyMDdFMjBDNTM4NjFCMjQ5LnBuZw.png,2026-10-07T05:31:40+02:00
Lidl,Ovoce a zelenina,10057007,Patizon,patizon,29.9,39.9,Kč,29.9 Kč / 1 kg,29.9,,False,,,-25%,2026-10-08 - 2026-10-11,https://www.lidl.cz/p/patizon/p10057007,https://imgproxy-retcat.assets.schwarz/lQG5khFMPyLCv3OKf-20qs_ku6SXfYk90GImm5mEA0Y/sm:0/exar:1:ce/w:427/h:320/cz/M6Ly9wcm9kLWNhd/GFsb2ctbWVkaWEvY3ovMS9DMUIwQURENkI0OTE2RUEyRTEwQTJFMDU/wMEM0OEZCRjc4MjFDQzA3NEVBMEY4Mjk4RTI1NjdGNDQ1RjQ2REQxLnBuZw.png,2026-10-07T05:31:40+02:00
Lidl,Ovoce a zelenina,10051429,Bílé hrozny stolní bezsemenné,hrozny,24.9,49.9,Kč,"49,80 Kč / 1 kg",49.8,,False,,,-50%,2026-10-08 - 2026-10-11,https://www.lidl.cz/p/bile-hrozny-stolni-bezsemenne/p10051429,https://imgproxy-retcat.assets.schwarz/fKDqNoG8eOpQF5W9XJvF74e9Yve_mdykYAlcFJMvbek/sm:0/exar:1:ce/w:427/h:320/cz/M6Ly9wcm9kLWNhd/GFsb2ctbWVkaWEvY3ovMS81QkFEMjRBMEZEMTdDNDQ5NkM4MkRFRUQ/4RjcyQkY0OEY0NERCODM2QkQyQkYyNDJGQjM4QTgxRjcwQUEwM0I3LnBuZw.png,2026-10-07T05:31:40+02:00
Lidl,Ovoce a zelenina,10055762,Čerstvé fíky,cerstve_fiky,6.9,14.9,Kč,6.9 Kč / 1 ks,,6.9,False,,,-53%,2026-10-08 - 2026-10-11,https://www.lidl.cz/p/cerstve-fiky/p10055762,https://imgproxy-retcat.assets.schwarz/3gNrQKE4MoI9qtGwwlZKcYA0IAnutxKjDJS7GamSXZw/sm:0/exar:1:ce/w:427/h:320/cz/M6Ly9wcm9kLWNhd/GFsb2ctbWVkaWEvaW50L0I5MDEwODYwNzUxMzc5RjI0RkFENTE2QT/dDRjgyQzQ1RUMwODg1NzJCMDg0RjBCMTcxRjlEOUMzNzgzNkQxMjcucG5n.png,2026-10-07T05:31:40+02:00
Lidl,Ovoce a zelenina,10055002,Cibule žlutá,cibule_zluta,11.9,24.9,Kč,11.9 Kč / 1 kg,11.9,,False,,,-52%,2026-10-08 - 2026-10-11,https://www.lidl.cz/p/cibule-zluta/p10055002,https://imgproxy-retcat.assets.schwarz/goeDbnAO715To2Cm4uH46euRKh31bVhliEiSMzigldQ/sm:0/exar:1:ce/w:427/h:320/cz/M6Ly9wcm9kLWNhd/GFsb2ctbWVkaWEvaW50LzVCNjA1ODJDNzMyRTgxRUZDQkFGM0VENz/BEMDc4RTAwQTk0N0NBODA1RTA4N0E3QjM5RkU4NDIzOURBQTk3M0EucG5n.png,2026-10-07T05:31:40+02:00
Lidl,Ovoce a zelenina,10049402,Mango zralé,mango_zrale,19.9,39.9,Kč,19.9 Kč / 1 ks,,19.9,False,,,-50%,2026-10-08 - 2026-10-11,https://www.lidl.cz/p/mango-zrale/p10049402,https://imgproxy-retcat.assets.schwarz/906KAfheXOtI1VjD7Bt8u-bP5yddFt20vYTmlcMcNr4/sm:0/exar:1:ce/w:427/h:320/cz/M6Ly9wcm9kLWNhd/GFsb2ctbWVkaWEvaW50LzgxM0NERkIwQzhBN0IyQ0I3RkVFRjkxMz/g4NkREMDI3Rjk2MzFDRTIwMDJBQkRDOURDQTM2RjYzQTMwNEU4NTkucG5n.png,2026-10-07T05:31:40+02:00
Lidl,Ovoce a zelenina,10052377,Okurka salátová,okurka,11.9,24.9,Kč,11.9 Kč / 1 ks,,11.9,False,,,-52%,2026-10-08 - 2026-10-11,https://www.lidl.cz/p/okurka-salatova/p10052377,,2026-10-07T05:31:40+02:00
Lidl,Ovoce a zelenina,10057017,Hrušky,hrusky,19.9,44.9,Kč,19.9 Kč / 1 kg,19.9,,False,,,-55%,2026-10-08 - 2026-10-11,https://www.lidl.cz/p/hrusky/p10057017,https://imgproxy-retcat.assets.schwarz/3QLcNphHgb8H7U8t81ZoNvrdapl67pf9mDGD7KJjFfk/sm:0/exar:1:ce/w:427/h:320/cz/M6Ly9wcm9kLWNhd/GFsb2ctbWVkaWEvaW50L0E3QjY4Q0JBMUUwM0I4MzAwNjZERjFGRT/QwMDE2NkIwQzlDQUE0NjFEQ0ZEOTQxQzE1REEzNTVFQTRFQTFCRkMucG5n.png,2026-10-07T05:31:40+02:00
